date,tag,asset,downloads
2026-09-27,v1.1.0,Tatar.ps1,0
2026-09-27,v1.1.0,tatar-linux.sh,0
2026-09-27,v1.2.1,SHA256SUMS.txt,1
2026-09-27,v1.2.1,Tatar.ps1,1
2026-09-27,v1.2.1,allowlist.sample.json,1
2026-09-27,v1.2.1,ioc.sample.json,1
2026-09-27,v1.2.1,tatar-linux.sh,1
2026-09-27,v1.2.2,SHA256SUMS.txt,1
2026-09-27,v1.2.2,Tatar.ps1,1
2026-09-27,v1.2.2,allowlist.sample.json,1
2026-09-27,v1.2.2,ioc.sample.json,1
2026-09-27,v1.2.2,tatar-linux.sh,1
2026-09-27,v1.2.3,SHA256SUMS.txt,1
2026-09-27,v1.2.3,Tatar.ps1,1
2026-09-27,v1.2.3,allowlist.sample.json,1
2026-09-27,v1.2.3,ioc.sample.json,1
2026-09-27,v1.2.3,tatar-linux.sh,1
2026-10-01,v1.1.0,Tatar.ps1,0
2026-10-01,v1.1.0,tatar-linux.sh,0
2026-10-01,v1.2.1,SHA256SUMS.txt,1
2026-10-01,v1.2.1,Tatar.ps1,1
2026-10-01,v1.2.1,allowlist.sample.json,1
2026-10-01,v1.2.1,ioc.sample.json,1
2026-10-01,v1.2.1,tatar-linux.sh,1
2026-10-01,v1.2.2,SHA256SUMS.txt,1
2026-10-01,v1.2.2,Tatar.ps1,1
2026-10-01,v1.2.2,allowlist.sample.json,1
2026-10-01,v1.2.2,ioc.sample.json,1
2026-10-01,v1.2.2,tatar-linux.sh,1
2026-10-01,v1.2.3,SHA256SUMS.txt,1
2026-10-01,v1.2.3,Tatar.ps1,1
2026-10-01,v1.2.3,allowlist.sample.json,1
2026-10-01,v1.2.3,ioc.sample.json,1
2026-10-01,v1.2.3,tatar-linux.sh,1
2026-10-01,v1.2.4,SHA256SUMS.txt,0
2026-10-01,v1.2.4,Tatar.ps1,0
2026-10-01,v1.2.4,allowlist.sample.json,0
2026-10-01,v1.2.4,ioc.sample.json,0
2026-10-01,v1.2.4,tatar-linux.sh,0
2026-10-01,v1.2.5,SHA256SUMS.txt,0
2026-10-01,v1.2.5,Tatar.ps1,0
2026-10-01,v1.2.5,allowlist.sample.json,0
2026-10-01,v1.2.5,ioc.sample.json,0
2026-10-01,v1.2.5,tatar-linux.sh,0
